{"_wandb":{"runtime":0},"_runtime":0,"_step":7,"acc":0.9028955606660746,"loss":0.14533631510148282,"_timestamp":1.773406909800171e+09}